movie	1177529	Deathgasm 2: Goremageddon	failed
movie	1102883	Mother Mary	failed
movie	1133093	Lilly	failed
movie	1486200	Jack of Spades	processing
movie	1327819	Hoppers	failed
movie	1081004	The Brave and the Bold	processing
movie	1495964	Untitled Wonder Woman Film	processing
movie	1358554	Viva Verdi!	failed
movie	843342	Hamlet	failed
movie	1540936	Anything But Ghosts	processing
movie	1044878	Dooba Dooba	failed
movie	936075	Michael	failed
movie	1304313	Lee Cronin's The Mummy	failed
movie	1226863	The Super Mario Galaxy Movie	failed
movie	1073973	Dead Lover	failed
movie	862739	The Virgin of the Quarry Lake	failed
movie	1212461	OBEX	failed
movie	1229934	Untitled Top Gun 3	processing
movie	1211876	Thanksgiving 2	processing
movie	1134306	Thread: An Insidious Tale	processing
movie	1206994	Creed IV	processing
movie	1451244	Pending TMDB 1451244	processing
movie	1198577	They Follow	processing
movie	1596123	Stuffed	failed
movie	1432605	My Father's Shadow	failed
movie	1631998	A Body in the Woods	processing
movie	1632189	Blood Rush	processing
movie	1587537	Crash Land	failed
movie	1325734	The Drama	failed
movie	1450527	Forbidden Fruits	failed
movie	1400357	The Christophers	failed
movie	855435	Faces of Death	failed
movie	1242265	Fuze	failed
movie	1437396	Your Mother Your Mother Your Mother	processing
movie	1431434	Good Sex	processing
movie	1442761	October	processing
movie	1453197	Enemies	processing
movie	1236045	Animals	processing
movie	1195803	Wicker	failed
movie	1452168	Behemoth!	processing
movie	896707	The Entertainment System Is Down	processing
movie	701244	Here Comes the Flood	processing
movie	1532610	Ink	processing
movie	1433583	The Weight	failed
movie	1492198	Artificial	processing
movie	87513	Motor City	failed
movie	1389884	Judgment Day	processing
movie	1242424	Famous	processing
movie	1381221	Misty Green	processing
movie	1458099	The Only Living Pickpocket in New York	failed
movie	1329016	Tony	processing
movie	1629356	Capturing Bigfoot	failed
movie	1583250	Untitled A24 Horror Film	processing
movie	1636569	Untitled Lenny Abrahamson Project	processing
movie	1139422	The Riders	processing
movie	1429030	Peaked	processing
movie	1421337	The Masque of the Red Death	processing
movie	1283946	Flesh of the Gods	processing
movie	1440766	Deep Cuts	processing
movie	1523135	The Chaperones	processing
movie	1375441	Primetime	processing
movie	1595210	Nuisance Bear	failed
movie	1378736	The Land of Nod	processing
movie	1321376	Altar	processing
tv	224372	A Knight of the Seven Kingdoms	pending
tv	239770	Doctor Who	completed
tv	764	Midsomer Murders	completed
tv	78533	Jersey Shore: Family Vacation	pending
tv	295778	Scrubs	completed
tv	291334	The Fall and Rise of Reggie Dinkins	completed
tv	4556	Scrubs	completed
tv	255661	Young Sherlock	completed
tv	202213	History of the World, Part II	completed
tv	65345	The Get Down	completed
tv	204031	Make Some Noise	failed
tv	254953	Rooster	pending
tv	202411	Monarch: Legacy of Monsters	pending
tv	76479	The Boys	pending
tv	71912	The Witcher	pending
tv	223530	Star Trek: Starfleet Academy	completed
tv	213306	Cross	completed
tv	91239	Bridgerton	completed
tv	95350	Lanterns	pending
tv	103516	Star Trek: Strange New Worlds	pending
tv	931	He-Man and the Masters of the Universe	completed
tv	14755	She-Ra: Princess of Power	completed
tv	3035	He-Man and the Masters of the Universe	completed
tv	79732	She-Ra and the Princesses of Power	completed
tv	96658	Masters of the Universe: Revelation	completed
tv	234721	Masters of the Universe: Revolution	completed
tv	96659	He-Man and the Masters of the Universe	completed
tv	224377	Harry Potter	pending
tv	91725	The Spy	completed
tv	80730	Who Is America?	completed
tv	4417	Da Ali G Show	completed
tv	85552	Euphoria	pending
tv	312697	Jury Duty Presents: Company Retreat	completed
tv	240456	The Count of Monte Cristo	completed
tv	202555	Daredevil: Born Again	pending
tv	46648	True Detective	completed
tv	60622	Fargo	pending
tv	1398	The Sopranos	completed
tv	257519	Bait	completed
tv	259265	Something Very Bad Is Going to Happen	completed
tv	158154	Heartbreak High	completed
tv	241609	Your Friends & Neighbors	pending
tv	87917	For All Mankind	pending
tv	1999	The Comeback	pending
tv	247718	MobLand	pending
tv	289219	Star Wars: Maul - Shadow Lord	failed
tv	157239	Alien: Earth	pending
tv	279471	Malcolm in the Middle: Life's Still Unfair	completed
tv	72750	Killing Eve	completed
tv	75191	The Terror	pending
tv	128904	Dark Winds	completed
tv	258036	The Audacity	pending
tv	57276	TURN: Washington's Spies	completed
tv	283304	Little House on the Prairie	pending
tv	1781	Little House on the Prairie	completed
tv	250307	The Pitt	completed
tv	124364	FROM	processing
tv	254013	Revival	pending
tv	271267	The Chair Company	pending
tv	262375	Long Story Short	completed
tv	201646	Get Millie Black	completed
tv	238339	The Narrow Road to the Deep North	pending
tv	206828	DTF St. Louis	completed
